source_host,alert_a_dest,alert_a_window,alert_a_severity,alert_b_dest,alert_b_window,alert_b_severity,classification,same_window,cross_window,bl_time_15min,bl_time_30min,bl_time_60min,bl_time_120min,bl_same_window,bl_severity_gte_LOW,bl_severity_gte_MEDIUM,bl_severity_gte_HIGH,bl_severity_gte_CRITICAL,bl_static_tag_snapshot
h1,h4,T1,HIGH,h5,T1,MEDIUM,STRUCTURALLY_IMPOSSIBLE,True,False,CORRELATED,CORRELATED,CORRELATED,CORRELATED,CORRELATED,CORRELATED,CORRELATED,NOT_CORRELATED,NOT_CORRELATED,CORRELATED
h1,h5,T1,MEDIUM,h18,T1,HIGH,STRUCTURALLY_IMPOSSIBLE,True,False,CORRELATED,CORRELATED,CORRELATED,CORRELATED,CORRELATED,CORRELATED,CORRELATED,NOT_CORRELATED,NOT_CORRELATED,CORRELATED
h1,h18,T1,HIGH,h4,T1,MEDIUM,STRUCTURALLY_IMPOSSIBLE,True,False,CORRELATED,CORRELATED,CORRELATED,CORRELATED,CORRELATED,CORRELATED,CORRELATED,NOT_CORRELATED,NOT_CORRELATED,CORRELATED
h1,h4,T1,MEDIUM,h18,T1,LOW,STRUCTURALLY_IMPOSSIBLE,True,False,CORRELATED,CORRELATED,CORRELATED,CORRELATED,CORRELATED,CORRELATED,NOT_CORRELATED,NOT_CORRELATED,NOT_CORRELATED,CORRELATED
h1,h18,T1,LOW,h25,T1,CRITICAL,STRUCTURALLY_IMPOSSIBLE,True,False,CORRELATED,CORRELATED,CORRELATED,CORRELATED,CORRELATED,CORRELATED,NOT_CORRELATED,NOT_CORRELATED,NOT_CORRELATED,NOT_CORRELATED
h1,h25,T1,CRITICAL,h18,T1,CRITICAL,STRUCTURALLY_IMPOSSIBLE,True,False,CORRELATED,CORRELATED,CORRELATED,CORRELATED,CORRELATED,CORRELATED,CORRELATED,CORRELATED,CORRELATED,NOT_CORRELATED
h1,h18,T1,CRITICAL,h5,T1,HIGH,STRUCTURALLY_IMPOSSIBLE,True,False,CORRELATED,CORRELATED,CORRELATED,CORRELATED,CORRELATED,CORRELATED,CORRELATED,CORRELATED,NOT_CORRELATED,CORRELATED
h1,h5,T1,HIGH,h25,T1,CRITICAL,STRUCTURALLY_IMPOSSIBLE,True,False,CORRELATED,CORRELATED,CORRELATED,CORRELATED,CORRELATED,CORRELATED,CORRELATED,CORRELATED,NOT_CORRELATED,NOT_CORRELATED
h1,h25,T1,CRITICAL,h20,T1,CRITICAL,STRUCTURALLY_IMPOSSIBLE,True,False,CORRELATED,CORRELATED,CORRELATED,CORRELATED,CORRELATED,CORRELATED,CORRELATED,CORRELATED,CORRELATED,NOT_CORRELATED
h1,h20,T1,CRITICAL,h25,T1,HIGH,STRUCTURALLY_IMPOSSIBLE,True,False,CORRELATED,CORRELATED,CORRELATED,CORRELATED,CORRELATED,CORRELATED,CORRELATED,CORRELATED,NOT_CORRELATED,NOT_CORRELATED
h1,h25,T1,HIGH,h18,T1,HIGH,STRUCTURALLY_IMPOSSIBLE,True,False,CORRELATED,CORRELATED,CORRELATED,CORRELATED,CORRELATED,CORRELATED,CORRELATED,CORRELATED,NOT_CORRELATED,NOT_CORRELATED
h1,h18,T1,CRITICAL,h25,T1,CRITICAL,STRUCTURALLY_IMPOSSIBLE,True,False,CORRELATED,CORRELATED,CORRELATED,CORRELATED,CORRELATED,CORRELATED,CORRELATED,CORRELATED,CORRELATED,NOT_CORRELATED
h1,h25,T1,LOW,h18,T1,CRITICAL,STRUCTURALLY_IMPOSSIBLE,True,False,CORRELATED,CORRELATED,CORRELATED,CORRELATED,CORRELATED,CORRELATED,NOT_CORRELATED,NOT_CORRELATED,NOT_CORRELATED,NOT_CORRELATED
h1,h18,T1,CRITICAL,h20,T1,HIGH,STRUCTURALLY_IMPOSSIBLE,True,False,CORRELATED,CORRELATED,CORRELATED,CORRELATED,CORRELATED,CORRELATED,CORRELATED,CORRELATED,NOT_CORRELATED,CORRELATED
h1,h20,T1,HIGH,h25,T1,LOW,STRUCTURALLY_IMPOSSIBLE,True,False,CORRELATED,CORRELATED,CORRELATED,CORRELATED,CORRELATED,CORRELATED,NOT_CORRELATED,NOT_CORRELATED,NOT_CORRELATED,NOT_CORRELATED
h1,h25,T1,CRITICAL,h5,T1,HIGH,STRUCTURALLY_IMPOSSIBLE,True,False,CORRELATED,CORRELATED,CORRELATED,CORRELATED,CORRELATED,CORRELATED,CORRELATED,CORRELATED,NOT_CORRELATED,NOT_CORRELATED
h1,h5,T1,HIGH,h20,T1,MEDIUM,STRUCTURALLY_IMPOSSIBLE,True,False,CORRELATED,CORRELATED,CORRELATED,CORRELATED,CORRELATED,CORRELATED,CORRELATED,NOT_CORRELATED,NOT_CORRELATED,CORRELATED
h1,h20,T1,MEDIUM,h18,T1,MEDIUM,STRUCTURALLY_IMPOSSIBLE,True,False,CORRELATED,CORRELATED,CORRELATED,CORRELATED,CORRELATED,CORRELATED,CORRELATED,NOT_CORRELATED,NOT_CORRELATED,CORRELATED
h1,h18,T1,MEDIUM,h25,T1,LOW,STRUCTURALLY_IMPOSSIBLE,True,False,CORRELATED,CORRELATED,CORRELATED,CORRELATED,CORRELATED,CORRELATED,NOT_CORRELATED,NOT_CORRELATED,NOT_CORRELATED,NOT_CORRELATED
h1,h25,T1,LOW,h20,T1,HIGH,STRUCTURALLY_IMPOSSIBLE,True,False,CORRELATED,CORRELATED,CORRELATED,CORRELATED,CORRELATED,CORRELATED,NOT_CORRELATED,NOT_CORRELATED,NOT_CORRELATED,NOT_CORRELATED
h1,h20,T1,HIGH,h5,T1,LOW,STRUCTURALLY_IMPOSSIBLE,True,False,CORRELATED,CORRELATED,CORRELATED,CORRELATED,CORRELATED,CORRELATED,NOT_CORRELATED,NOT_CORRELATED,NOT_CORRELATED,CORRELATED
h1,h5,T1,LOW,h25,T1,HIGH,STRUCTURALLY_IMPOSSIBLE,True,False,CORRELATED,CORRELATED,CORRELATED,CORRELATED,CORRELATED,CORRELATED,NOT_CORRELATED,NOT_CORRELATED,NOT_CORRELATED,NOT_CORRELATED
h1,h25,T1,HIGH,h4,T1,HIGH,STRUCTURALLY_IMPOSSIBLE,True,False,CORRELATED,CORRELATED,CORRELATED,CORRELATED,CORRELATED,CORRELATED,CORRELATED,CORRELATED,NOT_CORRELATED,NOT_CORRELATED
h1,h4,T1,HIGH,h5,T1,HIGH,STRUCTURALLY_IMPOSSIBLE,True,False,CORRELATED,CORRELATED,CORRELATED,CORRELATED,CORRELATED,CORRELATED,CORRELATED,CORRELATED,NOT_CORRELATED,CORRELATED
h1,h5,T1,HIGH,h25,T1,HIGH,STRUCTURALLY_IMPOSSIBLE,True,False,CORRELATED,CORRELATED,CORRELATED,CORRELATED,CORRELATED,CORRELATED,CORRELATED,CORRELATED,NOT_CORRELATED,NOT_CORRELATED
h1,h25,T1,HIGH,h18,T1,CRITICAL,STRUCTURALLY_IMPOSSIBLE,True,False,CORRELATED,CORRELATED,CORRELATED,CORRELATED,CORRELATED,CORRELATED,CORRELATED,CORRELATED,NOT_CORRELATED,NOT_CORRELATED
h1,h18,T1,CRITICAL,h5,T1,HIGH,STRUCTURALLY_IMPOSSIBLE,True,False,CORRELATED,CORRELATED,CORRELATED,CORRELATED,CORRELATED,CORRELATED,CORRELATED,CORRELATED,NOT_CORRELATED,CORRELATED
h1,h5,T1,HIGH,h70,T3,CRITICAL,STRUCTURALLY_IMPOSSIBLE,False,True,NOT_CORRELATED,NOT_CORRELATED,NOT_CORRELATED,CORRELATED,NOT_CORRELATED,CORRELATED,CORRELATED,CORRELATED,NOT_CORRELATED,CORRELATED
h1,h70,T3,CRITICAL,h53,T3,HIGH,STRUCTURALLY_IMPOSSIBLE,True,False,CORRELATED,CORRELATED,CORRELATED,CORRELATED,CORRELATED,CORRELATED,CORRELATED,CORRELATED,NOT_CORRELATED,CORRELATED
h1,h53,T3,MEDIUM,h2,T3,MEDIUM,STRUCTURALLY_IMPOSSIBLE,True,False,CORRELATED,CORRELATED,CORRELATED,CORRELATED,CORRELATED,CORRELATED,CORRELATED,NOT_CORRELATED,NOT_CORRELATED,CORRELATED
h1,h2,T3,HIGH,h61,T3,HIGH,STRUCTURALLY_IMPOSSIBLE,True,False,CORRELATED,CORRELATED,CORRELATED,CORRELATED,CORRELATED,CORRELATED,CORRELATED,CORRELATED,NOT_CORRELATED,NOT_CORRELATED
h1,h61,T3,HIGH,h53,T3,HIGH,STRUCTURALLY_IMPOSSIBLE,True,False,CORRELATED,CORRELATED,CORRELATED,CORRELATED,CORRELATED,CORRELATED,CORRELATED,CORRELATED,NOT_CORRELATED,NOT_CORRELATED
h1,h53,T3,HIGH,h2,T3,LOW,STRUCTURALLY_IMPOSSIBLE,True,False,CORRELATED,CORRELATED,CORRELATED,CORRELATED,CORRELATED,CORRELATED,NOT_CORRELATED,NOT_CORRELATED,NOT_CORRELATED,CORRELATED
h1,h2,T3,HIGH,h53,T3,HIGH,STRUCTURALLY_IMPOSSIBLE,True,False,CORRELATED,CORRELATED,CORRELATED,CORRELATED,CORRELATED,CORRELATED,CORRELATED,CORRELATED,NOT_CORRELATED,CORRELATED
h1,h53,T3,HIGH,h42,T3,CRITICAL,STRUCTURALLY_IMPOSSIBLE,True,False,CORRELATED,CORRELATED,CORRELATED,CORRELATED,CORRELATED,CORRELATED,CORRELATED,CORRELATED,NOT_CORRELATED,CORRELATED
h1,h42,T3,CRITICAL,h61,T3,CRITICAL,STRUCTURALLY_IMPOSSIBLE,True,False,CORRELATED,CORRELATED,CORRELATED,CORRELATED,CORRELATED,CORRELATED,CORRELATED,CORRELATED,CORRELATED,NOT_CORRELATED
h1,h61,T3,CRITICAL,h53,T3,CRITICAL,STRUCTURALLY_IMPOSSIBLE,True,False,CORRELATED,CORRELATED,CORRELATED,CORRELATED,CORRELATED,CORRELATED,CORRELATED,CORRELATED,CORRELATED,NOT_CORRELATED
h1,h53,T3,CRITICAL,h61,T3,MEDIUM,STRUCTURALLY_IMPOSSIBLE,True,False,CORRELATED,CORRELATED,CORRELATED,CORRELATED,CORRELATED,CORRELATED,CORRELATED,NOT_CORRELATED,NOT_CORRELATED,NOT_CORRELATED
h1,h61,T3,MEDIUM,h42,T3,HIGH,STRUCTURALLY_IMPOSSIBLE,True,False,CORRELATED,CORRELATED,CORRELATED,CORRELATED,CORRELATED,CORRELATED,CORRELATED,NOT_CORRELATED,NOT_CORRELATED,NOT_CORRELATED
h1,h42,T3,HIGH,h2,T3,HIGH,STRUCTURALLY_IMPOSSIBLE,True,False,CORRELATED,CORRELATED,CORRELATED,CORRELATED,CORRELATED,CORRELATED,CORRELATED,CORRELATED,NOT_CORRELATED,CORRELATED
h1,h2,T3,CRITICAL,h53,T3,CRITICAL,STRUCTURALLY_IMPOSSIBLE,True,False,CORRELATED,CORRELATED,CORRELATED,CORRELATED,CORRELATED,CORRELATED,CORRELATED,CORRELATED,CORRELATED,CORRELATED
h1,h53,T3,HIGH,h42,T3,HIGH,STRUCTURALLY_IMPOSSIBLE,True,False,CORRELATED,CORRELATED,CORRELATED,CORRELATED,CORRELATED,CORRELATED,CORRELATED,CORRELATED,NOT_CORRELATED,CORRELATED
h1,h42,T3,HIGH,h61,T3,HIGH,STRUCTURALLY_IMPOSSIBLE,True,False,CORRELATED,CORRELATED,CORRELATED,CORRELATED,CORRELATED,CORRELATED,CORRELATED,CORRELATED,NOT_CORRELATED,NOT_CORRELATED
h1,h61,T3,HIGH,h70,T3,HIGH,STRUCTURALLY_IMPOSSIBLE,True,False,CORRELATED,CORRELATED,CORRELATED,CORRELATED,CORRELATED,CORRELATED,CORRELATED,CORRELATED,NOT_CORRELATED,NOT_CORRELATED
h1,h70,T3,HIGH,h42,T3,HIGH,STRUCTURALLY_IMPOSSIBLE,True,False,CORRELATED,CORRELATED,CORRELATED,CORRELATED,CORRELATED,CORRELATED,CORRELATED,CORRELATED,NOT_CORRELATED,CORRELATED
h1,h42,T3,HIGH,h45,T4,HIGH,STRUCTURALLY_IMPOSSIBLE,False,True,NOT_CORRELATED,NOT_CORRELATED,CORRELATED,CORRELATED,NOT_CORRELATED,CORRELATED,CORRELATED,CORRELATED,NOT_CORRELATED,CORRELATED
h1,h45,T4,HIGH,h2,T4,CRITICAL,STRUCTURALLY_IMPOSSIBLE,True,False,CORRELATED,CORRELATED,CORRELATED,CORRELATED,CORRELATED,CORRELATED,CORRELATED,CORRELATED,NOT_CORRELATED,CORRELATED
h1,h2,T4,CRITICAL,h63,T4,CRITICAL,STRUCTURALLY_IMPOSSIBLE,True,False,CORRELATED,CORRELATED,CORRELATED,CORRELATED,CORRELATED,CORRELATED,CORRELATED,CORRELATED,CORRELATED,CORRELATED
h1,h63,T4,CRITICAL,h45,T4,HIGH,STRUCTURALLY_IMPOSSIBLE,True,False,CORRELATED,CORRELATED,CORRELATED,CORRELATED,CORRELATED,CORRELATED,CORRELATED,CORRELATED,NOT_CORRELATED,CORRELATED
h1,h45,T4,HIGH,h53,T4,HIGH,STRUCTURALLY_IMPOSSIBLE,True,False,CORRELATED,CORRELATED,CORRELATED,CORRELATED,CORRELATED,CORRELATED,CORRELATED,CORRELATED,NOT_CORRELATED,CORRELATED
h1,h53,T4,HIGH,h18,T4,CRITICAL,STRUCTURALLY_VALID,True,False,CORRELATED,CORRELATED,CORRELATED,CORRELATED,CORRELATED,CORRELATED,CORRELATED,CORRELATED,NOT_CORRELATED,CORRELATED
h1,h18,T4,CRITICAL,h2,T4,LOW,STRUCTURALLY_IMPOSSIBLE,True,False,CORRELATED,CORRELATED,CORRELATED,CORRELATED,CORRELATED,CORRELATED,NOT_CORRELATED,NOT_CORRELATED,NOT_CORRELATED,CORRELATED
h1,h2,T4,LOW,h53,T4,LOW,STRUCTURALLY_IMPOSSIBLE,True,False,CORRELATED,CORRELATED,CORRELATED,CORRELATED,CORRELATED,CORRELATED,NOT_CORRELATED,NOT_CORRELATED,NOT_CORRELATED,CORRELATED
h1,h53,T4,LOW,h63,T4,HIGH,STRUCTURALLY_IMPOSSIBLE,True,False,CORRELATED,CORRELATED,CORRELATED,CORRELATED,CORRELATED,CORRELATED,NOT_CORRELATED,NOT_CORRELATED,NOT_CORRELATED,CORRELATED
h1,h63,T4,HIGH,h45,T4,CRITICAL,STRUCTURALLY_IMPOSSIBLE,True,False,CORRELATED,CORRELATED,CORRELATED,CORRELATED,CORRELATED,CORRELATED,CORRELATED,CORRELATED,NOT_CORRELATED,CORRELATED
h1,h45,T4,CRITICAL,h63,T4,MEDIUM,STRUCTURALLY_IMPOSSIBLE,True,False,CORRELATED,CORRELATED,CORRELATED,CORRELATED,CORRELATED,CORRELATED,CORRELATED,NOT_CORRELATED,NOT_CORRELATED,CORRELATED
h1,h63,T4,CRITICAL,h53,T4,HIGH,STRUCTURALLY_IMPOSSIBLE,True,False,CORRELATED,CORRELATED,CORRELATED,CORRELATED,CORRELATED,CORRELATED,CORRELATED,CORRELATED,NOT_CORRELATED,CORRELATED
h1,h53,T4,HIGH,h2,T4,CRITICAL,STRUCTURALLY_IMPOSSIBLE,True,False,CORRELATED,CORRELATED,CORRELATED,CORRELATED,CORRELATED,CORRELATED,CORRELATED,CORRELATED,NOT_CORRELATED,CORRELATED
h1,h2,T4,CRITICAL,h18,T4,HIGH,STRUCTURALLY_IMPOSSIBLE,True,False,CORRELATED,CORRELATED,CORRELATED,CORRELATED,CORRELATED,CORRELATED,CORRELATED,CORRELATED,NOT_CORRELATED,CORRELATED
h1,h18,T4,HIGH,h63,T4,HIGH,STRUCTURALLY_VALID,True,False,CORRELATED,CORRELATED,CORRELATED,CORRELATED,CORRELATED,CORRELATED,CORRELATED,CORRELATED,NOT_CORRELATED,CORRELATED
h1,h63,T4,HIGH,h18,T4,CRITICAL,STRUCTURALLY_AMBIGUOUS,True,False,CORRELATED,CORRELATED,CORRELATED,CORRELATED,CORRELATED,CORRELATED,CORRELATED,CORRELATED,NOT_CORRELATED,CORRELATED
h1,h18,T4,CRITICAL,h53,T4,LOW,STRUCTURALLY_VALID,True,False,CORRELATED,CORRELATED,CORRELATED,CORRELATED,CORRELATED,CORRELATED,NOT_CORRELATED,NOT_CORRELATED,NOT_CORRELATED,CORRELATED
h1,h53,T4,LOW,h18,T4,MEDIUM,STRUCTURALLY_VALID,True,False,CORRELATED,CORRELATED,CORRELATED,CORRELATED,CORRELATED,CORRELATED,NOT_CORRELATED,NOT_CORRELATED,NOT_CORRELATED,CORRELATED
h1,h18,T4,MEDIUM,h53,T4,MEDIUM,STRUCTURALLY_VALID,True,False,CORRELATED,CORRELATED,CORRELATED,CORRELATED,CORRELATED,CORRELATED,CORRELATED,NOT_CORRELATED,NOT_CORRELATED,CORRELATED
h1,h53,T4,HIGH,h63,T4,CRITICAL,STRUCTURALLY_IMPOSSIBLE,True,False,CORRELATED,CORRELATED,CORRELATED,CORRELATED,CORRELATED,CORRELATED,CORRELATED,CORRELATED,NOT_CORRELATED,CORRELATED
h1,h63,T4,CRITICAL,h18,T4,CRITICAL,STRUCTURALLY_AMBIGUOUS,True,False,CORRELATED,CORRELATED,CORRELATED,CORRELATED,CORRELATED,CORRELATED,CORRELATED,CORRELATED,CORRELATED,CORRELATED
h1,h18,T4,CRITICAL,h2,T4,MEDIUM,STRUCTURALLY_IMPOSSIBLE,True,False,CORRELATED,CORRELATED,CORRELATED,CORRELATED,CORRELATED,CORRELATED,CORRELATED,NOT_CORRELATED,NOT_CORRELATED,CORRELATED
h1,h2,T4,MEDIUM,h63,T4,HIGH,STRUCTURALLY_IMPOSSIBLE,True,False,CORRELATED,CORRELATED,CORRELATED,CORRELATED,CORRELATED,CORRELATED,CORRELATED,NOT_CORRELATED,NOT_CORRELATED,CORRELATED
h1,h63,T4,HIGH,h53,T4,HIGH,STRUCTURALLY_IMPOSSIBLE,True,False,CORRELATED,CORRELATED,CORRELATED,CORRELATED,CORRELATED,CORRELATED,CORRELATED,CORRELATED,NOT_CORRELATED,CORRELATED
h1,h53,T4,HIGH,h2,T4,HIGH,STRUCTURALLY_IMPOSSIBLE,True,False,CORRELATED,CORRELATED,CORRELATED,CORRELATED,CORRELATED,CORRELATED,CORRELATED,CORRELATED,NOT_CORRELATED,CORRELATED
h1,h2,T4,HIGH,h63,T4,HIGH,STRUCTURALLY_IMPOSSIBLE,True,False,CORRELATED,CORRELATED,CORRELATED,CORRELATED,CORRELATED,CORRELATED,CORRELATED,CORRELATED,NOT_CORRELATED,CORRELATED
h1,h63,T4,HIGH,h18,T4,CRITICAL,STRUCTURALLY_AMBIGUOUS,True,False,CORRELATED,CORRELATED,CORRELATED,CORRELATED,CORRELATED,CORRELATED,CORRELATED,CORRELATED,NOT_CORRELATED,CORRELATED
h1,h18,T4,CRITICAL,h2,T4,HIGH,STRUCTURALLY_IMPOSSIBLE,True,False,CORRELATED,CORRELATED,CORRELATED,CORRELATED,CORRELATED,CORRELATED,CORRELATED,CORRELATED,NOT_CORRELATED,CORRELATED
h1,h2,T4,HIGH,h53,T4,HIGH,STRUCTURALLY_IMPOSSIBLE,True,False,CORRELATED,CORRELATED,CORRELATED,CORRELATED,CORRELATED,CORRELATED,CORRELATED,CORRELATED,NOT_CORRELATED,CORRELATED
h11,h5,T1,HIGH,h16,T3,HIGH,STRUCTURALLY_IMPOSSIBLE,False,True,NOT_CORRELATED,NOT_CORRELATED,NOT_CORRELATED,NOT_CORRELATED,NOT_CORRELATED,CORRELATED,CORRELATED,CORRELATED,NOT_CORRELATED,CORRELATED
h15,h11,T1,HIGH,h8,T2,HIGH,STRUCTURALLY_IMPOSSIBLE,False,True,NOT_CORRELATED,NOT_CORRELATED,CORRELATED,CORRELATED,NOT_CORRELATED,CORRELATED,CORRELATED,CORRELATED,NOT_CORRELATED,CORRELATED
h15,h8,T2,HIGH,h63,T2,HIGH,STRUCTURALLY_IMPOSSIBLE,True,False,CORRELATED,CORRELATED,CORRELATED,CORRELATED,CORRELATED,CORRELATED,CORRELATED,CORRELATED,NOT_CORRELATED,CORRELATED
h15,h63,T2,HIGH,h66,T2,CRITICAL,STRUCTURALLY_IMPOSSIBLE,True,False,CORRELATED,CORRELATED,CORRELATED,CORRELATED,CORRELATED,CORRELATED,CORRELATED,CORRELATED,NOT_CORRELATED,CORRELATED
h15,h66,T2,CRITICAL,h64,T4,LOW,STRUCTURALLY_IMPOSSIBLE,False,True,NOT_CORRELATED,NOT_CORRELATED,NOT_CORRELATED,CORRELATED,NOT_CORRELATED,CORRELATED,NOT_CORRELATED,NOT_CORRELATED,NOT_CORRELATED,CORRELATED
h15,h64,T4,LOW,h34,T4,HIGH,STRUCTURALLY_IMPOSSIBLE,True,False,CORRELATED,CORRELATED,CORRELATED,CORRELATED,CORRELATED,CORRELATED,NOT_CORRELATED,NOT_CORRELATED,NOT_CORRELATED,CORRELATED
h17,h63,T2,HIGH,h21,T2,HIGH,STRUCTURALLY_IMPOSSIBLE,True,False,CORRELATED,CORRELATED,CORRELATED,CORRELATED,CORRELATED,CORRELATED,CORRELATED,CORRELATED,NOT_CORRELATED,CORRELATED
h2,h64,T3,HIGH,h19,T3,MEDIUM,STRUCTURALLY_IMPOSSIBLE,True,False,CORRELATED,CORRELATED,CORRELATED,CORRELATED,CORRELATED,CORRELATED,CORRELATED,NOT_CORRELATED,NOT_CORRELATED,CORRELATED
h2,h19,T3,MEDIUM,h50,T3,HIGH,STRUCTURALLY_AMBIGUOUS,True,False,CORRELATED,CORRELATED,CORRELATED,CORRELATED,CORRELATED,CORRELATED,CORRELATED,NOT_CORRELATED,NOT_CORRELATED,CORRELATED
h2,h50,T3,HIGH,h16,T3,CRITICAL,STRUCTURALLY_IMPOSSIBLE,True,False,CORRELATED,CORRELATED,CORRELATED,CORRELATED,CORRELATED,CORRELATED,CORRELATED,CORRELATED,NOT_CORRELATED,CORRELATED
h2,h16,T3,CRITICAL,h50,T3,HIGH,STRUCTURALLY_IMPOSSIBLE,True,False,CORRELATED,CORRELATED,CORRELATED,CORRELATED,CORRELATED,CORRELATED,CORRELATED,CORRELATED,NOT_CORRELATED,CORRELATED
h2,h50,T3,HIGH,h16,T3,MEDIUM,STRUCTURALLY_IMPOSSIBLE,True,False,CORRELATED,CORRELATED,CORRELATED,CORRELATED,CORRELATED,CORRELATED,CORRELATED,NOT_CORRELATED,NOT_CORRELATED,CORRELATED
h2,h16,T3,MEDIUM,h64,T3,HIGH,STRUCTURALLY_IMPOSSIBLE,True,False,CORRELATED,CORRELATED,CORRELATED,CORRELATED,CORRELATED,CORRELATED,CORRELATED,NOT_CORRELATED,NOT_CORRELATED,CORRELATED
h2,h64,T3,HIGH,h3,T3,HIGH,STRUCTURALLY_IMPOSSIBLE,True,False,CORRELATED,CORRELATED,CORRELATED,CORRELATED,CORRELATED,CORRELATED,CORRELATED,CORRELATED,NOT_CORRELATED,CORRELATED
h2,h3,T3,HIGH,h16,T3,CRITICAL,STRUCTURALLY_IMPOSSIBLE,True,False,CORRELATED,CORRELATED,CORRELATED,CORRELATED,CORRELATED,CORRELATED,CORRELATED,CORRELATED,NOT_CORRELATED,CORRELATED
h2,h16,T3,CRITICAL,h50,T3,HIGH,STRUCTURALLY_IMPOSSIBLE,True,False,CORRELATED,CORRELATED,CORRELATED,CORRELATED,CORRELATED,CORRELATED,CORRELATED,CORRELATED,NOT_CORRELATED,CORRELATED
h2,h50,T3,HIGH,h16,T3,HIGH,STRUCTURALLY_IMPOSSIBLE,True,False,CORRELATED,CORRELATED,CORRELATED,CORRELATED,CORRELATED,CORRELATED,CORRELATED,CORRELATED,NOT_CORRELATED,CORRELATED
h2,h16,T3,HIGH,h3,T3,HIGH,STRUCTURALLY_IMPOSSIBLE,True,False,CORRELATED,CORRELATED,CORRELATED,CORRELATED,CORRELATED,CORRELATED,CORRELATED,CORRELATED,NOT_CORRELATED,CORRELATED
h2,h3,T3,CRITICAL,h16,T3,CRITICAL,STRUCTURALLY_IMPOSSIBLE,True,False,CORRELATED,CORRELATED,CORRELATED,CORRELATED,CORRELATED,CORRELATED,CORRELATED,CORRELATED,CORRELATED,CORRELATED
h2,h16,T3,CRITICAL,h3,T3,HIGH,STRUCTURALLY_IMPOSSIBLE,True,False,CORRELATED,CORRELATED,CORRELATED,CORRELATED,CORRELATED,CORRELATED,CORRELATED,CORRELATED,NOT_CORRELATED,CORRELATED
h2,h3,T3,HIGH,h6,T4,LOW,STRUCTURALLY_IMPOSSIBLE,False,True,NOT_CORRELATED,NOT_CORRELATED,CORRELATED,CORRELATED,NOT_CORRELATED,CORRELATED,NOT_CORRELATED,NOT_CORRELATED,NOT_CORRELATED,CORRELATED
h2,h6,T4,LOW,h33,T4,LOW,STRUCTURALLY_IMPOSSIBLE,True,False,CORRELATED,CORRELATED,CORRELATED,CORRELATED,CORRELATED,CORRELATED,NOT_CORRELATED,NOT_CORRELATED,NOT_CORRELATED,CORRELATED
h2,h33,T4,LOW,h34,T4,CRITICAL,STRUCTURALLY_IMPOSSIBLE,True,False,CORRELATED,CORRELATED,CORRELATED,CORRELATED,CORRELATED,CORRELATED,NOT_CORRELATED,NOT_CORRELATED,NOT_CORRELATED,CORRELATED
h2,h34,T4,CRITICAL,h53,T4,MEDIUM,STRUCTURALLY_IMPOSSIBLE,True,False,CORRELATED,CORRELATED,CORRELATED,CORRELATED,CORRELATED,CORRELATED,CORRELATED,NOT_CORRELATED,NOT_CORRELATED,CORRELATED
h2,h53,T4,MEDIUM,h6,T4,HIGH,STRUCTURALLY_AMBIGUOUS,True,False,CORRELATED,CORRELATED,CORRELATED,CORRELATED,CORRELATED,CORRELATED,CORRELATED,NOT_CORRELATED,NOT_CORRELATED,CORRELATED
h28,h19,T3,HIGH,h70,T4,HIGH,STRUCTURALLY_AMBIGUOUS,False,True,NOT_CORRELATED,NOT_CORRELATED,NOT_CORRELATED,CORRELATED,NOT_CORRELATED,CORRELATED,CORRELATED,CORRELATED,NOT_CORRELATED,CORRELATED
h3,h52,T3,HIGH,h51,T3,LOW,STRUCTURALLY_IMPOSSIBLE,True,False,CORRELATED,CORRELATED,CORRELATED,CORRELATED,CORRELATED,CORRELATED,NOT_CORRELATED,NOT_CORRELATED,NOT_CORRELATED,CORRELATED
h3,h51,T3,HIGH,h60,T3,MEDIUM,STRUCTURALLY_IMPOSSIBLE,True,False,CORRELATED,CORRELATED,CORRELATED,CORRELATED,CORRELATED,CORRELATED,CORRELATED,NOT_CORRELATED,NOT_CORRELATED,CORRELATED
h32,h8,T2,HIGH,h61,T3,MEDIUM,STRUCTURALLY_IMPOSSIBLE,False,True,NOT_CORRELATED,NOT_CORRELATED,NOT_CORRELATED,CORRELATED,NOT_CORRELATED,CORRELATED,CORRELATED,NOT_CORRELATED,NOT_CORRELATED,NOT_CORRELATED
h33,h36,T1,HIGH,h23,T4,CRITICAL,STRUCTURALLY_VALID,False,True,NOT_CORRELATED,NOT_CORRELATED,NOT_CORRELATED,NOT_CORRELATED,NOT_CORRELATED,CORRELATED,CORRELATED,CORRELATED,NOT_CORRELATED,CORRELATED
h33,h23,T4,CRITICAL,h7,T4,CRITICAL,STRUCTURALLY_IMPOSSIBLE,True,False,CORRELATED,CORRELATED,CORRELATED,CORRELATED,CORRELATED,CORRELATED,CORRELATED,CORRELATED,CORRELATED,CORRELATED
h36,h66,T1,HIGH,h3,T3,CRITICAL,STRUCTURALLY_IMPOSSIBLE,False,True,NOT_CORRELATED,NOT_CORRELATED,NOT_CORRELATED,CORRELATED,NOT_CORRELATED,CORRELATED,CORRELATED,CORRELATED,NOT_CORRELATED,CORRELATED
h36,h3,T3,CRITICAL,h28,T3,HIGH,STRUCTURALLY_IMPOSSIBLE,True,False,CORRELATED,CORRELATED,CORRELATED,CORRELATED,CORRELATED,CORRELATED,CORRELATED,CORRELATED,NOT_CORRELATED,CORRELATED
h36,h28,T3,HIGH,h24,T4,CRITICAL,STRUCTURALLY_IMPOSSIBLE,False,True,NOT_CORRELATED,NOT_CORRELATED,CORRELATED,CORRELATED,NOT_CORRELATED,CORRELATED,CORRELATED,CORRELATED,NOT_CORRELATED,CORRELATED
h4,h15,T1,CRITICAL,h36,T1,HIGH,STRUCTURALLY_VALID,True,False,CORRELATED,CORRELATED,CORRELATED,CORRELATED,CORRELATED,CORRELATED,CORRELATED,CORRELATED,NOT_CORRELATED,CORRELATED
h48,h8,T2,CRITICAL,h6,T3,HIGH,STRUCTURALLY_IMPOSSIBLE,False,True,NOT_CORRELATED,NOT_CORRELATED,CORRELATED,CORRELATED,NOT_CORRELATED,CORRELATED,CORRELATED,CORRELATED,NOT_CORRELATED,CORRELATED
h5,h25,T1,HIGH,h17,T1,MEDIUM,STRUCTURALLY_IMPOSSIBLE,True,False,CORRELATED,CORRELATED,CORRELATED,CORRELATED,CORRELATED,CORRELATED,CORRELATED,NOT_CORRELATED,NOT_CORRELATED,NOT_CORRELATED
h5,h17,T1,MEDIUM,h56,T1,MEDIUM,STRUCTURALLY_IMPOSSIBLE,True,False,CORRELATED,CORRELATED,CORRELATED,CORRELATED,CORRELATED,CORRELATED,CORRELATED,NOT_CORRELATED,NOT_CORRELATED,CORRELATED
h5,h56,T1,MEDIUM,h6,T1,CRITICAL,STRUCTURALLY_AMBIGUOUS,True,False,CORRELATED,CORRELATED,CORRELATED,CORRELATED,CORRELATED,CORRELATED,CORRELATED,NOT_CORRELATED,NOT_CORRELATED,CORRELATED
h52,h34,T3,HIGH,h50,T3,HIGH,STRUCTURALLY_IMPOSSIBLE,True,False,CORRELATED,CORRELATED,CORRELATED,CORRELATED,CORRELATED,CORRELATED,CORRELATED,CORRELATED,NOT_CORRELATED,CORRELATED
h52,h50,T3,HIGH,h33,T3,HIGH,STRUCTURALLY_IMPOSSIBLE,True,False,CORRELATED,CORRELATED,CORRELATED,CORRELATED,CORRELATED,CORRELATED,CORRELATED,CORRELATED,NOT_CORRELATED,CORRELATED
h53,h10,T1,CRITICAL,h59,T2,HIGH,STRUCTURALLY_IMPOSSIBLE,False,True,NOT_CORRELATED,NOT_CORRELATED,NOT_CORRELATED,CORRELATED,NOT_CORRELATED,CORRELATED,CORRELATED,CORRELATED,NOT_CORRELATED,CORRELATED
h53,h59,T2,HIGH,h8,T2,MEDIUM,STRUCTURALLY_IMPOSSIBLE,True,False,CORRELATED,CORRELATED,CORRELATED,CORRELATED,CORRELATED,CORRELATED,CORRELATED,NOT_CORRELATED,NOT_CORRELATED,CORRELATED
h53,h8,T2,MEDIUM,h17,T2,HIGH,STRUCTURALLY_AMBIGUOUS,True,False,CORRELATED,CORRELATED,CORRELATED,CORRELATED,CORRELATED,CORRELATED,CORRELATED,NOT_CORRELATED,NOT_CORRELATED,CORRELATED
h53,h17,T2,HIGH,h2,T3,HIGH,STRUCTURALLY_IMPOSSIBLE,False,True,NOT_CORRELATED,NOT_CORRELATED,CORRELATED,CORRELATED,NOT_CORRELATED,CORRELATED,CORRELATED,CORRELATED,NOT_CORRELATED,CORRELATED
h56,h41,T3,LOW,h28,T4,MEDIUM,STRUCTURALLY_IMPOSSIBLE,False,True,NOT_CORRELATED,NOT_CORRELATED,CORRELATED,CORRELATED,NOT_CORRELATED,CORRELATED,NOT_CORRELATED,NOT_CORRELATED,NOT_CORRELATED,CORRELATED
h6,h49,T1,MEDIUM,h38,T1,HIGH,STRUCTURALLY_IMPOSSIBLE,True,False,CORRELATED,CORRELATED,CORRELATED,CORRELATED,CORRELATED,CORRELATED,CORRELATED,NOT_CORRELATED,NOT_CORRELATED,CORRELATED
h6,h38,T1,HIGH,h29,T4,MEDIUM,STRUCTURALLY_IMPOSSIBLE,False,True,NOT_CORRELATED,NOT_CORRELATED,NOT_CORRELATED,NOT_CORRELATED,NOT_CORRELATED,CORRELATED,CORRELATED,NOT_CORRELATED,NOT_CORRELATED,CORRELATED
h6,h29,T4,MEDIUM,h65,T4,HIGH,STRUCTURALLY_IMPOSSIBLE,True,False,CORRELATED,CORRELATED,CORRELATED,CORRELATED,CORRELATED,CORRELATED,CORRELATED,NOT_CORRELATED,NOT_CORRELATED,CORRELATED
h6,h65,T4,HIGH,h28,T4,HIGH,STRUCTURALLY_IMPOSSIBLE,True,False,CORRELATED,CORRELATED,CORRELATED,CORRELATED,CORRELATED,CORRELATED,CORRELATED,CORRELATED,NOT_CORRELATED,CORRELATED
h64,h59,T3,MEDIUM,h45,T4,MEDIUM,STRUCTURALLY_IMPOSSIBLE,False,True,NOT_CORRELATED,NOT_CORRELATED,CORRELATED,CORRELATED,NOT_CORRELATED,CORRELATED,CORRELATED,NOT_CORRELATED,NOT_CORRELATED,CORRELATED
h7,h21,T3,HIGH,h24,T4,LOW,STRUCTURALLY_IMPOSSIBLE,False,True,NOT_CORRELATED,NOT_CORRELATED,NOT_CORRELATED,CORRELATED,NOT_CORRELATED,CORRELATED,NOT_CORRELATED,NOT_CORRELATED,NOT_CORRELATED,CORRELATED
h8,h8,T2,MEDIUM,h17,T2,CRITICAL,STRUCTURALLY_AMBIGUOUS,True,False,CORRELATED,CORRELATED,CORRELATED,CORRELATED,CORRELATED,CORRELATED,CORRELATED,NOT_CORRELATED,NOT_CORRELATED,CORRELATED
h8,h17,T2,CRITICAL,h48,T2,MEDIUM,STRUCTURALLY_AMBIGUOUS,True,False,CORRELATED,CORRELATED,CORRELATED,CORRELATED,CORRELATED,CORRELATED,CORRELATED,NOT_CORRELATED,NOT_CORRELATED,CORRELATED
h8,h48,T2,MEDIUM,h59,T2,HIGH,STRUCTURALLY_IMPOSSIBLE,True,False,CORRELATED,CORRELATED,CORRELATED,CORRELATED,CORRELATED,CORRELATED,CORRELATED,NOT_CORRELATED,NOT_CORRELATED,CORRELATED
