host,from_window,to_window,from_status,to_status,transition_type
h10,T1,T2,MONITORED,PATH_CRITICAL_BLIND_SPOT,EMERGED
h12,T1,T2,MONITORED,PATH_CRITICAL_BLIND_SPOT,EMERGED
h18,T1,T2,MONITORED,PATH_CRITICAL_BLIND_SPOT,EMERGED
h19,T1,T2,MONITORED,PATH_CRITICAL_BLIND_SPOT,EMERGED
h3,T1,T2,MONITORED,PATH_CRITICAL_BLIND_SPOT,EMERGED
h9,T1,T2,MONITORED,PATH_CRITICAL_BLIND_SPOT,EMERGED
h23,T3,T4,MONITORED,PATH_CRITICAL_BLIND_SPOT,EMERGED
h4,T3,T4,MONITORED,PATH_CRITICAL_BLIND_SPOT,EMERGED
h8,T3,T4,MONITORED,PATH_CRITICAL_BLIND_SPOT,EMERGED
