timestamp,source_host,dest_host,source_port,dest_port,protocol,attack_type,severity,packet_count,bytes_transferred,cve_id,time_window,campaign_id,is_attack_path,tag_node_id,c_severity,c_betweenness,c_path_critical,c_persistence,c_blind_spot,structural_triage_score,cvss_only_score,cvss_rank,sts_rank,rank_delta
2026-07-18 11:59:52.495454,h9,h1,16135,35323,TCP,CVE CVE-2021-22569,MEDIUM,952,593981,CVE-2021-22569,T1,1.0,True,0,0.5,0.633,1.0,0.667,0.0,0.4631,0.5,73,47,26
2026-07-18 11:53:52.495454,h9,h1,18225,15851,DNS,CVE CVE-2021-22569,MEDIUM,388,524855,CVE-2021-22569,T1,2.0,True,0,0.5,0.633,1.0,0.667,0.0,0.4631,0.5,73,47,26
2026-07-18 11:54:52.495454,h17,h1,24291,28120,HTTP,CVE CVE-2021-22569,HIGH,608,961631,CVE-2021-22569,T1,3.0,True,0,0.75,0.633,1.0,0.667,0.0,0.5006,0.75,31,43,-12
2026-07-18 11:59:11.495454,h1,h9,23524,16376,HTTPS,OpenVPN BOF,CRITICAL,919,428899,CVE-2020-12624,T1,3.0,True,8,1.0,0.305,1.0,0.667,0.0,0.4235,1.0,1,55,-54
2026-07-18 12:03:52.495454,h1,h18,14783,64250,HTTPS,WebLogic RCE,HIGH,377,997995,CVE-2018-4939,T1,4.0,True,17,0.75,0.127,1.0,0.667,0.0,0.3235,0.75,31,74,-43
2026-07-18 12:59:52.495454,h1,h2,60523,11650,DNS,Kernel Out-of-Bounds,LOW,845,949877,CVE-2020-24615,T2,5.0,True,1,0.25,1.0,1.0,0.667,0.0,0.5542,0.25,93,29,64
2026-07-18 13:00:52.495454,h18,h2,11647,65002,HTTP,Kernel Out-of-Bounds,HIGH,682,972493,CVE-2020-24615,T2,6.0,True,1,0.75,1.0,1.0,0.667,0.0,0.6292,0.75,31,6,25
2026-07-18 13:01:52.495454,h4,h2,51464,27359,SSH,Kernel Out-of-Bounds,HIGH,202,959244,CVE-2020-24615,T2,7.0,True,1,0.75,1.0,1.0,0.667,0.0,0.6292,0.75,31,6,25
2026-07-18 13:03:28.495454,h2,h20,57728,19380,UDP,CVE CVE-2020-26140,HIGH,537,370975,CVE-2020-26140,T2,7.0,True,19,0.75,0.0,1.0,1.0,0.0,0.3625,0.75,31,68,-37
2026-07-18 12:59:52.495454,h18,h2,26567,43086,UDP,Kernel Out-of-Bounds,HIGH,494,90290,CVE-2020-24615,T2,8.0,True,1,0.75,1.0,1.0,0.667,0.0,0.6292,0.75,31,6,25
2026-07-18 12:55:52.495454,h19,h2,22389,63891,HTTPS,Kernel Out-of-Bounds,CRITICAL,458,146940,CVE-2020-24615,T2,9.0,True,1,1.0,1.0,1.0,0.667,0.0,0.6667,1.0,1,1,0
2026-07-18 12:56:52.495454,h18,h2,6465,30309,UDP,Kernel Out-of-Bounds,HIGH,659,31265,CVE-2020-24615,T2,10.0,True,1,0.75,1.0,1.0,0.667,0.0,0.6292,0.75,31,6,25
2026-07-18 12:59:18.495454,h2,h9,55736,6426,UDP,OpenVPN BOF,CRITICAL,662,63646,CVE-2020-12624,T2,10.0,True,8,1.0,0.305,1.0,0.667,0.0,0.4235,1.0,1,55,-54
2026-07-18 12:54:52.495454,h9,h1,52375,47847,HTTPS,CVE CVE-2021-22569,HIGH,320,522653,CVE-2021-22569,T2,11.0,True,0,0.75,0.633,1.0,0.667,0.0,0.5006,0.75,31,43,-12
2026-07-18 13:00:18.495454,h1,h4,57887,44985,FTP,Redis Injection,CRITICAL,307,791886,CVE-2021-30610,T2,11.0,True,3,1.0,0.417,1.0,0.667,0.0,0.4626,1.0,1,50,-49
2026-07-18 12:54:52.495454,h19,h2,38736,37768,HTTP,Kernel Out-of-Bounds,HIGH,797,545122,CVE-2020-24615,T2,12.0,True,1,0.75,1.0,1.0,0.667,0.0,0.6292,0.75,31,6,25
2026-07-18 13:01:52.495454,h19,h2,57164,38194,HTTP,Kernel Out-of-Bounds,MEDIUM,64,547976,CVE-2020-24615,T2,13.0,True,1,0.5,1.0,1.0,0.667,0.0,0.5917,0.5,73,20,53
2026-07-18 12:56:52.495454,h4,h2,14495,55623,TCP,Kernel Out-of-Bounds,CRITICAL,716,226878,CVE-2020-24615,T2,14.0,True,1,1.0,1.0,1.0,0.667,0.0,0.6667,1.0,1,1,0
2026-07-18 14:03:52.495454,h3,h4,18414,12619,SSH,Redis Injection,HIGH,360,183303,CVE-2021-30610,T3,15.0,True,3,0.75,0.417,1.0,0.667,0.0,0.4251,0.75,31,54,-23
2026-07-18 14:09:20.495454,h4,h6,7065,24673,ICMP,Apache Log4j RCE Exploitation,CRITICAL,98,382587,CVE-2021-44228,T3,15.0,True,5,1.0,0.546,1.0,1.0,0.0,0.5911,1.0,1,23,-22
2026-07-18 13:55:52.495454,h3,h6,27994,19022,SSH,Apache Log4j RCE Exploitation,HIGH,429,493915,CVE-2021-44228,T3,16.0,True,5,0.75,0.546,1.0,1.0,0.0,0.5536,0.75,31,32,-1
2026-07-18 13:56:52.495454,h3,h20,50605,44959,ICMP,Spring Cloud Config RCE,CRITICAL,479,940590,CVE-2020-5410,T3,17.0,True,19,1.0,0.0,1.0,1.0,0.0,0.4,1.0,1,59,-58
2026-07-18 14:02:52.495454,h3,h14,52778,13628,FTP,Apache Karaf RCE,MEDIUM,789,637509,CVE-2020-11738,T3,18.0,True,13,0.5,0.0,1.0,0.667,0.0,0.2417,0.5,73,84,-11
2026-07-18 14:01:52.495454,h3,h20,52921,34329,DNS,Spring Cloud Config RCE,HIGH,691,508677,CVE-2020-5410,T3,19.0,True,19,0.75,0.0,1.0,1.0,0.0,0.3625,0.75,31,68,-37
2026-07-18 13:56:52.495454,h3,h10,36356,34062,ICMP,Apache Struts2 RCE,HIGH,778,152977,CVE-2021-28169,T3,20.0,True,9,0.75,0.0,1.0,0.333,0.0,0.1958,0.75,31,95,-64
2026-07-18 13:53:52.495454,h3,h15,11119,11053,HTTPS,Reddit Auth Bypass,MEDIUM,998,574115,CVE-2021-34483,T3,21.0,True,14,0.5,0.0,1.0,0.667,0.0,0.2417,0.5,73,84,-11
2026-07-18 14:03:52.495454,h3,h10,32773,35867,TCP,Apache Struts2 RCE,CRITICAL,661,479821,CVE-2021-28169,T3,22.0,True,9,1.0,0.0,1.0,0.333,0.0,0.2333,1.0,1,89,-88
2026-07-18 13:58:52.495454,h3,h4,4851,14330,HTTPS,Redis Injection,CRITICAL,490,506638,CVE-2021-30610,T3,23.0,True,3,1.0,0.417,1.0,0.667,0.0,0.4626,1.0,1,50,-49
2026-07-18 14:00:05.495454,h4,h6,65173,11087,DNS,Apache Log4j RCE Exploitation,MEDIUM,213,677662,CVE-2021-44228,T3,23.0,True,5,0.5,0.546,1.0,1.0,0.0,0.5161,0.5,73,39,34
2026-07-18 14:01:52.495454,h3,h10,46815,31052,SSH,Apache Struts2 RCE,HIGH,717,792734,CVE-2021-28169,T3,24.0,True,9,0.75,0.0,1.0,0.333,0.0,0.1958,0.75,31,95,-64
2026-07-18 13:58:52.495454,h3,h15,64699,177,ICMP,Reddit Auth Bypass,HIGH,12,478226,CVE-2021-34483,T3,25.0,True,14,0.75,0.0,1.0,0.667,0.0,0.2792,0.75,31,78,-47
2026-07-18 13:55:52.495454,h3,h4,17437,21690,TCP,Redis Injection,LOW,780,919542,CVE-2021-30610,T3,26.0,True,3,0.25,0.417,1.0,0.667,0.0,0.3501,0.25,93,70,23
2026-07-18 13:59:40.495454,h4,h6,49811,32902,HTTPS,Apache Log4j RCE Exploitation,MEDIUM,808,680265,CVE-2021-44228,T3,26.0,True,5,0.5,0.546,1.0,1.0,0.0,0.5161,0.5,73,39,34
2026-07-18 13:59:52.495454,h3,h10,4171,12710,HTTPS,Apache Struts2 RCE,HIGH,661,322070,CVE-2021-28169,T3,27.0,True,9,0.75,0.0,1.0,0.333,0.0,0.1958,0.75,31,95,-64
2026-07-18 14:57:52.495454,h5,h14,33464,28001,HTTPS,Apache Karaf RCE,LOW,178,82795,CVE-2020-11738,T4,28.0,True,13,0.25,0.0,1.0,0.667,0.0,0.2042,0.25,93,94,-1
2026-07-18 14:53:52.495454,h5,h6,23378,5013,UDP,Apache Log4j RCE Exploitation,MEDIUM,537,843666,CVE-2021-44228,T4,29.0,True,5,0.5,0.546,1.0,1.0,0.0,0.5161,0.5,73,39,34
2026-07-18 14:56:52.495454,h5,h2,62937,41227,HTTP,Kernel Out-of-Bounds,MEDIUM,83,929644,CVE-2020-24615,T4,30.0,True,1,0.5,1.0,1.0,0.667,0.0,0.5917,0.5,73,20,53
2026-07-18 14:54:52.495454,h5,h6,61888,9906,ICMP,Apache Log4j RCE Exploitation,HIGH,945,976458,CVE-2021-44228,T4,31.0,True,5,0.75,0.546,1.0,1.0,0.0,0.5536,0.75,31,32,-1
2026-07-18 14:54:52.495454,h2,h6,33043,18764,SSH,Apache Log4j RCE Exploitation,CRITICAL,37,14119,CVE-2021-44228,T4,32.0,True,5,1.0,0.546,1.0,1.0,0.0,0.5911,1.0,1,23,-22
2026-07-18 13:55:52.495454,h3,h4,11746,25020,ICMP,Redis Injection,MEDIUM,833,988775,CVE-2021-30610,T3,33.0,True,3,0.5,0.417,1.0,0.667,0.0,0.3876,0.5,73,62,11
2026-07-18 13:58:10.495454,h4,h6,10118,193,TCP,Apache Log4j RCE Exploitation,CRITICAL,876,629762,CVE-2021-44228,T3,33.0,True,5,1.0,0.546,1.0,1.0,0.0,0.5911,1.0,1,23,-22
2026-07-18 11:53:52.495454,h17,h1,48603,33788,SSH,CVE CVE-2021-22569,CRITICAL,988,370654,CVE-2021-22569,T1,34.0,True,0,1.0,0.633,1.0,0.667,0.0,0.5381,1.0,1,36,-35
2026-07-18 13:02:52.495454,h4,h2,29988,9717,ICMP,Kernel Out-of-Bounds,LOW,459,890668,CVE-2020-24615,T2,35.0,True,1,0.25,1.0,1.0,0.667,0.0,0.5542,0.25,93,29,64
2026-07-18 13:01:52.495454,h19,h2,41284,49165,DNS,Kernel Out-of-Bounds,HIGH,159,399152,CVE-2020-24615,T2,36.0,True,1,0.75,1.0,1.0,0.667,0.0,0.6292,0.75,31,6,25
2026-07-18 14:01:52.495454,h3,h6,56864,55901,FTP,Apache Log4j RCE Exploitation,LOW,197,292169,CVE-2021-44228,T3,37.0,True,5,0.25,0.546,1.0,1.0,0.0,0.4786,0.25,93,46,47
2026-07-18 14:59:52.495454,h5,h2,48225,61894,DNS,Kernel Out-of-Bounds,LOW,874,807510,CVE-2020-24615,T4,38.0,True,1,0.25,1.0,1.0,0.667,0.0,0.5542,0.25,93,29,64
2026-07-18 15:03:52.495454,h5,h2,61272,40550,DNS,Kernel Out-of-Bounds,MEDIUM,816,917747,CVE-2020-24615,T4,39.0,True,1,0.5,1.0,1.0,0.667,0.0,0.5917,0.5,73,20,53
2026-07-18 13:59:52.495454,h3,h6,46336,61401,HTTPS,Apache Log4j RCE Exploitation,HIGH,892,738562,CVE-2021-44228,T3,40.0,True,5,0.75,0.546,1.0,1.0,0.0,0.5536,0.75,31,32,-1
2026-07-18 15:00:52.495454,h12,h2,17943,16245,ICMP,Kernel Out-of-Bounds,HIGH,356,426652,CVE-2020-24615,T4,41.0,True,1,0.75,1.0,1.0,0.667,0.0,0.6292,0.75,31,6,25
2026-07-18 15:03:52.495454,h6,h8,4517,2655,UDP,Sudo Heap Overflow,CRITICAL,162,568837,CVE-2021-44512,T4,42.0,True,7,1.0,0.0,1.0,0.667,0.0,0.3167,1.0,1,76,-75
2026-07-18 14:03:52.495454,h3,h14,8672,16562,TCP,Apache Karaf RCE,HIGH,999,284479,CVE-2020-11738,T3,43.0,True,13,0.75,0.0,1.0,0.667,0.0,0.2792,0.75,31,78,-47
2026-07-18 14:01:52.495454,h3,h14,34566,27478,UDP,CVE CVE-2021-22570,HIGH,655,791900,CVE-2021-22570,T3,44.0,True,13,0.75,0.0,1.0,0.667,0.0,0.2792,0.75,31,78,-47
2026-07-18 13:58:52.495454,h10,h4,24800,39568,TCP,Redis Injection,CRITICAL,509,280870,CVE-2021-30610,T3,,False,3,1.0,0.417,1.0,0.667,0.0,0.4626,1.0,1,50,-49
2026-07-18 14:54:52.495454,h15,h2,45822,21562,SSH,Kernel Out-of-Bounds,HIGH,433,477764,CVE-2020-24615,T4,,False,1,0.75,1.0,1.0,0.667,0.0,0.6292,0.75,31,6,25
2026-07-18 13:00:52.495454,h2,h9,32667,63177,HTTP,Grafana Auth Bypass,HIGH,639,170474,CVE-2020-27238,T2,,False,8,0.75,0.305,1.0,0.667,0.0,0.386,0.75,31,64,-33
2026-07-18 15:02:52.495454,h6,h14,13733,33296,ICMP,Apache Karaf RCE,HIGH,650,731994,CVE-2020-11738,T4,,False,13,0.75,0.0,1.0,0.667,0.0,0.2792,0.75,31,78,-47
2026-07-18 13:57:52.495454,h10,h6,13065,10488,HTTP,Apache Log4j RCE Exploitation,CRITICAL,191,269800,CVE-2021-44228,T3,,False,5,1.0,0.546,1.0,1.0,0.0,0.5911,1.0,1,23,-22
2026-07-18 13:55:52.495454,h15,h14,4037,18751,ICMP,CVE CVE-2021-22570,MEDIUM,855,376136,CVE-2021-22570,T3,,False,13,0.5,0.0,1.0,0.667,0.0,0.2417,0.5,73,84,-11
2026-07-18 13:59:52.495454,h12,h6,21619,55349,HTTPS,Apache Log4j RCE Exploitation,CRITICAL,1,677245,CVE-2021-44228,T3,,False,5,1.0,0.546,1.0,1.0,0.0,0.5911,1.0,1,23,-22
2026-07-18 12:53:52.495454,h20,h2,24590,63250,ICMP,Kernel Out-of-Bounds,HIGH,105,335044,CVE-2020-24615,T2,,False,1,0.75,1.0,1.0,0.667,0.0,0.6292,0.75,31,6,25
2026-07-18 12:01:52.495454,h1,h9,26200,46444,ICMP,Grafana Auth Bypass,HIGH,753,936861,CVE-2020-27238,T1,,False,8,0.75,0.305,1.0,0.667,0.0,0.386,0.75,31,64,-33
2026-07-18 12:58:52.495454,h1,h4,37789,51450,HTTPS,Redis Injection,LOW,942,765556,CVE-2021-30610,T2,,False,3,0.25,0.417,1.0,0.667,0.0,0.3501,0.25,93,70,23
2026-07-18 12:57:52.495454,h19,h20,54384,43870,DNS,CVE CVE-2020-26140,CRITICAL,554,296307,CVE-2020-26140,T2,,False,19,1.0,0.0,1.0,1.0,0.0,0.4,1.0,1,59,-58
2026-07-18 13:58:52.495454,h4,h10,4818,7270,DNS,Apache Struts2 RCE,CRITICAL,930,39535,CVE-2021-28169,T3,,False,9,1.0,0.0,1.0,0.333,0.0,0.2333,1.0,1,89,-88
2026-07-18 13:01:52.495454,h9,h19,61343,10906,SSH,Grafana Plugin RCE,MEDIUM,928,384137,CVE-2020-27239,T2,,False,18,0.5,0.082,1.0,0.333,0.0,0.187,0.5,73,101,-28
2026-07-18 15:02:52.495454,h8,h6,9851,41482,DNS,Apache Log4j RCE Exploitation,HIGH,139,680882,CVE-2021-44228,T4,,False,5,0.75,0.546,1.0,1.0,0.0,0.5536,0.75,31,32,-1
2026-07-18 14:02:52.495454,h14,h6,53474,43815,TCP,Apache Log4j RCE Exploitation,CRITICAL,648,576463,CVE-2021-44228,T3,,False,5,1.0,0.546,1.0,1.0,0.0,0.5911,1.0,1,23,-22
2026-07-18 12:59:52.495454,h4,h20,31638,61321,ICMP,Spring Cloud Config RCE,CRITICAL,842,71166,CVE-2020-5410,T2,,False,19,1.0,0.0,1.0,1.0,0.0,0.4,1.0,1,59,-58
2026-07-18 12:57:52.495454,h1,h4,15834,32077,DNS,Redis Injection,MEDIUM,723,127112,CVE-2021-30610,T2,,False,3,0.5,0.417,1.0,0.667,0.0,0.3876,0.5,73,62,11
2026-07-18 15:03:52.495454,h15,h2,64838,5962,FTP,Kernel Out-of-Bounds,CRITICAL,382,589254,CVE-2020-24615,T4,,False,1,1.0,1.0,1.0,0.667,0.0,0.6667,1.0,1,1,0
2026-07-18 13:03:52.495454,h4,h9,47458,3713,ICMP,Grafana Auth Bypass,HIGH,983,896727,CVE-2020-27238,T2,,False,8,0.75,0.305,1.0,0.667,0.0,0.386,0.75,31,64,-33
2026-07-18 12:02:52.495454,h1,h18,40899,13745,HTTP,WebLogic RCE,HIGH,793,227392,CVE-2018-4939,T1,,False,17,0.75,0.127,1.0,0.667,0.0,0.3235,0.75,31,74,-43
2026-07-18 12:57:52.495454,h19,h1,9598,64267,HTTPS,CVE CVE-2021-22569,CRITICAL,598,39444,CVE-2021-22569,T2,,False,0,1.0,0.633,1.0,0.667,0.0,0.5381,1.0,1,36,-35
2026-07-18 14:01:52.495454,h15,h12,23609,61271,HTTPS,CVE CVE-2021-28149,MEDIUM,48,8833,CVE-2021-28149,T3,,False,11,0.5,0.084,1.0,0.667,0.0,0.2712,0.5,73,83,-10
2026-07-18 14:01:52.495454,h4,h6,14932,63308,DNS,Apache Log4j RCE Exploitation,MEDIUM,588,383756,CVE-2021-44228,T3,,False,5,0.5,0.546,1.0,1.0,0.0,0.5161,0.5,73,39,34
2026-07-18 12:53:52.495454,h1,h4,19768,21969,TCP,Redis Injection,LOW,672,446448,CVE-2021-30610,T2,,False,3,0.25,0.417,1.0,0.667,0.0,0.3501,0.25,93,70,23
2026-07-18 12:59:52.495454,h20,h2,46169,61659,TCP,Kernel Out-of-Bounds,HIGH,92,559332,CVE-2020-24615,T2,,False,1,0.75,1.0,1.0,0.667,0.0,0.6292,0.75,31,6,25
2026-07-18 11:57:52.495454,h18,h11,46863,26129,UDP,K8s Privilege Esc,HIGH,296,345264,CVE-2020-8516,T1,,False,10,0.75,0.0,1.0,0.333,0.0,0.1958,0.75,31,95,-64
2026-07-18 15:03:52.495454,h8,h2,64979,50672,ICMP,Kernel Out-of-Bounds,HIGH,13,124678,CVE-2020-24615,T4,,False,1,0.75,1.0,1.0,0.667,0.0,0.6292,0.75,31,6,25
2026-07-18 12:00:52.495454,h18,h11,54207,38058,ICMP,K8s Privilege Esc,HIGH,361,227917,CVE-2020-8516,T1,,False,10,0.75,0.0,1.0,0.333,0.0,0.1958,0.75,31,95,-64
2026-07-18 11:57:52.495454,h18,h1,37832,43590,TCP,CVE CVE-2021-22569,CRITICAL,627,283101,CVE-2021-22569,T1,,False,0,1.0,0.633,1.0,0.667,0.0,0.5381,1.0,1,36,-35
2026-07-18 12:02:52.495454,h1,h9,23415,27345,HTTP,Grafana Auth Bypass,HIGH,295,701522,CVE-2020-27238,T1,,False,8,0.75,0.305,1.0,0.667,0.0,0.386,0.75,31,64,-33
2026-07-18 12:55:52.495454,h20,h2,10671,23724,SSH,Kernel Out-of-Bounds,HIGH,875,866061,CVE-2020-24615,T2,,False,1,0.75,1.0,1.0,0.667,0.0,0.6292,0.75,31,6,25
2026-07-18 13:59:52.495454,h12,h15,11422,53807,ICMP,Reddit Auth Bypass,CRITICAL,304,697696,CVE-2021-34483,T3,,False,14,1.0,0.0,1.0,0.667,0.0,0.3167,1.0,1,76,-75
2026-07-18 14:57:52.495454,h15,h2,35890,3651,TCP,Kernel Out-of-Bounds,CRITICAL,910,545071,CVE-2020-24615,T4,,False,1,1.0,1.0,1.0,0.667,0.0,0.6667,1.0,1,1,0
2026-07-18 12:59:52.495454,h2,h1,17783,1894,FTP,CVE CVE-2021-22569,HIGH,219,446985,CVE-2021-22569,T2,,False,0,0.75,0.633,1.0,0.667,0.0,0.5006,0.75,31,43,-12
2026-07-18 12:53:52.495454,h19,h9,30679,41804,HTTP,Grafana Auth Bypass,CRITICAL,640,545714,CVE-2020-27238,T2,,False,8,1.0,0.305,1.0,0.667,0.0,0.4235,1.0,1,55,-54
2026-07-18 15:01:52.495454,h8,h15,63047,10502,FTP,Redis Auth Bypass,HIGH,242,650826,CVE-2021-30609,T4,,False,14,0.75,0.0,1.0,0.667,0.0,0.2792,0.75,31,78,-47
2026-07-18 12:00:52.495454,h18,h11,1320,24965,SSH,K8s Privilege Esc,HIGH,744,200710,CVE-2020-8516,T1,,False,10,0.75,0.0,1.0,0.333,0.0,0.1958,0.75,31,95,-64
2026-07-18 12:00:52.495454,h1,h11,3106,17336,DNS,K8s Privilege Esc,CRITICAL,390,804379,CVE-2020-8516,T1,,False,10,1.0,0.0,1.0,0.333,0.0,0.2333,1.0,1,89,-88
2026-07-18 12:00:52.495454,h9,h1,33450,26860,FTP,CVE CVE-2021-22569,LOW,127,645734,CVE-2021-22569,T1,,False,0,0.25,0.633,1.0,0.667,0.0,0.4256,0.25,93,53,40
2026-07-18 12:54:52.495454,h20,h2,22305,25215,FTP,Kernel Out-of-Bounds,HIGH,337,848843,CVE-2020-24615,T2,,False,1,0.75,1.0,1.0,0.667,0.0,0.6292,0.75,31,6,25
2026-07-18 12:02:52.495454,h1,h9,57765,30185,FTP,Grafana Auth Bypass,CRITICAL,954,47389,CVE-2020-27238,T1,,False,8,1.0,0.305,1.0,0.667,0.0,0.4235,1.0,1,55,-54
2026-07-18 15:01:52.495454,h15,h8,43648,32075,ICMP,Sudo Heap Overflow,MEDIUM,585,309820,CVE-2021-44512,T4,,False,7,0.5,0.0,1.0,0.667,0.0,0.2417,0.5,73,84,-11
2026-07-18 14:02:52.495454,h12,h10,61769,21785,DNS,Apache Struts2 RCE,CRITICAL,812,627601,CVE-2021-28169,T3,,False,9,1.0,0.0,1.0,0.333,0.0,0.2333,1.0,1,89,-88
2026-07-18 15:00:52.495454,h15,h14,56874,31723,HTTPS,Apache Karaf RCE,MEDIUM,512,363763,CVE-2020-11738,T4,,False,13,0.5,0.0,1.0,0.667,0.0,0.2417,0.5,73,84,-11
2026-07-18 12:53:52.495454,h19,h2,51672,2427,FTP,Kernel Out-of-Bounds,CRITICAL,650,15405,CVE-2020-24615,T2,,False,1,1.0,1.0,1.0,0.667,0.0,0.6667,1.0,1,1,0
2026-07-18 12:58:52.495454,h19,h9,43264,1832,DNS,Grafana Auth Bypass,MEDIUM,33,808315,CVE-2020-27238,T2,,False,8,0.5,0.305,1.0,0.667,0.0,0.3485,0.5,73,73,0
2026-07-18 11:57:52.495454,h11,h1,64111,15670,TCP,CVE CVE-2021-22569,MEDIUM,962,761356,CVE-2021-22569,T1,,False,0,0.5,0.633,1.0,0.667,0.0,0.4631,0.5,73,47,26
2026-07-18 13:02:52.495454,h9,h19,52062,25148,HTTPS,Grafana Plugin RCE,HIGH,704,892422,CVE-2020-27239,T2,,False,18,0.75,0.082,1.0,0.333,0.0,0.2245,0.75,31,93,-62
2026-07-18 14:54:52.495454,h15,h2,39840,19016,SSH,Kernel Out-of-Bounds,HIGH,74,759624,CVE-2020-24615,T4,,False,1,0.75,1.0,1.0,0.667,0.0,0.6292,0.75,31,6,25
2026-07-18 13:00:52.495454,h1,h19,53864,303,ICMP,Grafana Plugin RCE,LOW,963,338996,CVE-2020-27239,T2,,False,18,0.25,0.082,1.0,0.333,0.0,0.1495,0.25,93,102,-9
